2026-04-21 18:31:03 | test | dsfff | test@gmail.com | dasdasdasd | Indiana
2026-04-21 18:31:04 | test | dsfff | test@gmail.com | dasdasdasd | Indiana
2026-04-21 18:31:04 | test | dsfff | test@gmail.com | dasdasdasd | Indiana
2026-04-21 18:31:04 | test | dsfff | test@gmail.com | dasdasdasd | Indiana
2026-04-21 18:31:04 | test | dsfff | test@gmail.com | dasdasdasd | Indiana
2026-04-21 18:31:04 | test | dsfff | test@gmail.com | dasdasdasd | Indiana
2026-04-21 18:31:05 | test | dsfff | test@gmail.com | dasdasdasd | Indiana
2026-04-21 18:31:05 | test | dsfff | test@gmail.com | dasdasdasd | Indiana
2026-04-21 18:31:05 | test | dsfff | test@gmail.com | dasdasdasd | Indiana
2026-04-21 18:31:05 | test | dsfff | test@gmail.com | dasdasdasd | Indiana
2026-04-21 20:48:20 | 1231212312321 | 55322353253532 | test@gmail.com | 3123232131 | Iowa
2026-04-21 20:48:20 | 1231212312321 | 55322353253532 | test@gmail.com | 3123232131 | Iowa
2026-04-21 20:49:25 | 1231212312321 | 55322353253532 | test@gmail.com | 3123232131 | Iowa
2026-04-21 20:52:26 | 1231212312321 | 55322353253532 | test@gmail.com | 3123232131 | Iowa
